{"cameraMode":{"drawMode":0,"name":"Shaded","section":"Shading Mode"},"sceneLighting":false,"audioPlay":false,"sceneViewState":{"showFog":true,"showMaterialUpdate":false,"showSkybox":true,"showFlares":true,"showImageEffects":true,"showParticleSystems":true},"in2DMode":false,"pivot":{"x":9.026926040649414,"y":1.4800000190734864,"z":-1.1920928955078126e-7},"rotation":{"x":0.07788687199354172,"y":0.02960013411939144,"z":-0.002313511911779642,"w":0.9965200424194336},"size":9.174468040466309,"orthographic":false}