{"cameraMode":{"drawMode":0,"name":"Shaded","section":"Shading Mode"},"sceneLighting":true,"audioPlay":false,"sceneViewState":{"showFog":true,"showMaterialUpdate":false,"showSkybox":true,"showFlares":true,"showImageEffects":true,"showParticleSystems":true},"in2DMode":false,"pivot":{"x":126.73448181152344,"y":5.811690330505371,"z":30.928203582763673},"rotation":{"x":-0.008959134109318257,"y":-0.09465854614973068,"z":-0.0008518856484442949,"w":0.9954691529273987},"size":72.37165069580078,"orthographic":false}