{"cameraMode":{"drawMode":0,"name":"Shaded","section":"Shading Mode"},"sceneLighting":true,"audioPlay":false,"sceneViewState":{"showFog":true,"showMaterialUpdate":false,"showSkybox":true,"showFlares":true,"showImageEffects":true,"showParticleSystems":true},"in2DMode":false,"pivot":{"x":3.0267624855041506,"y":1.4822545051574708,"z":-0.9493062496185303},"rotation":{"x":-0.03239314258098602,"y":0.9311378002166748,"z":-0.08543768525123596,"w":-0.35303476452827456},"size":18.812870025634767,"orthographic":false}