{"cameraMode":{"drawMode":0,"name":"Shaded","section":"Shading Mode"},"sceneLighting":false,"audioPlay":false,"sceneViewState":{"showFog":true,"showMaterialUpdate":false,"showSkybox":true,"showFlares":true,"showImageEffects":true,"showParticleSystems":true},"in2DMode":false,"pivot":{"x":-20.265235900878908,"y":3.9069643020629885,"z":-1.4212853908538819},"rotation":{"x":0.0672021359205246,"y":0.08520182222127915,"z":-0.005759628023952246,"w":0.9940781593322754},"size":7.897245407104492,"orthographic":true}