{"cameraMode":{"drawMode":0,"name":"Shaded","section":"Shading Mode"},"sceneLighting":false,"audioPlay":false,"sceneViewState":{"showFog":true,"showMaterialUpdate":false,"showSkybox":true,"showFlares":true,"showImageEffects":true,"showParticleSystems":true},"in2DMode":false,"pivot":{"x":51.746646881103519,"y":-10.707114219665528,"z":21.927955627441408},"rotation":{"x":0.2557508051395416,"y":0.12859591841697694,"z":-0.03434702381491661,"w":0.9575358629226685},"size":4.931759834289551,"orthographic":false}