{"cameraMode":{"drawMode":0,"name":"Shaded","section":"Shading Mode"},"sceneLighting":false,"audioPlay":false,"sceneViewState":{"showFog":true,"showMaterialUpdate":false,"showSkybox":true,"showFlares":true,"showImageEffects":true,"showParticleSystems":true},"in2DMode":false,"pivot":{"x":14.641797065734864,"y":28.609542846679689,"z":8.032812118530274},"rotation":{"x":2.8027589138446275e-8,"y":0.029995305463671685,"z":-1.681644867801424e-8,"w":0.9995501041412354},"size":61.980751037597659,"orthographic":true}